time_s,phase,target_segment_mm,time_distance_mm,lidar_raw_mm,lidar_kalman_mm,lidar_segment_travel_mm,ekf_distance_mm,used_distance_mm,set_yaw_deg,actual_yaw_deg,pwm_left,pwm_right
2.001,forward_1,300,0.01,1896.0,1894.56,0.0,0.0,0.01,0.0,0.0,50,60
2.023,forward_1,300,1.76,1896.0,1894.56,0.0,0.94,1.76,0.0,-0.02,50,60
2.045,forward_1,300,3.52,1896.0,1894.56,0.0,1.8,3.52,0.0,-0.02,50,60
2.067,forward_1,300,5.26,1896.0,1894.56,0.0,2.57,5.26,0.0,0.35,50,60
2.088,forward_1,300,7.01,1896.0,1894.56,0.0,3.27,3.27,0.0,0.53,50,60
2.11,forward_1,300,8.75,1895.75,1894.88,-0.32,3.81,3.81,0.0,0.3,50,60
2.131,forward_1,300,10.45,1895.75,1894.88,-0.32,4.27,4.27,0.0,0.42,50,60
2.153,forward_1,300,12.17,1895.75,1894.88,-0.32,4.67,4.67,0.0,0.37,50,60
2.175,forward_1,300,13.92,1895.75,1894.88,-0.32,5.04,5.04,0.0,0.23,50,60
2.196,forward_1,300,15.65,1895.75,1894.88,-0.32,5.33,5.33,0.0,0.13,50,60
2.218,forward_1,300,17.38,1895.75,1894.88,-0.32,5.56,5.56,0.0,0.21,50,60
2.24,forward_1,300,19.11,1890.75,1893.77,0.8,5.97,5.97,0.0,0.31,50,60
2.262,forward_1,300,20.86,1890.75,1893.77,0.8,6.31,6.31,0.0,0.29,50,60
2.283,forward_1,300,22.57,1890.75,1893.77,0.8,6.54,6.54,0.0,0.18,50,60
2.304,forward_1,300,24.29,1890.75,1893.77,0.8,6.73,6.73,0.0,0.16,50,60
2.326,forward_1,300,25.99,1890.75,1893.77,0.8,6.86,6.86,0.0,0.15,50,60
2.347,forward_1,300,27.73,1890.75,1893.77,0.8,6.98,6.98,0.0,0.31,50,60
2.369,forward_1,300,29.44,1868.25,1886.87,7.69,8.48,8.48,0.0,0.08,50,60
2.39,forward_1,300,31.16,1868.25,1886.87,7.69,9.68,9.68,0.0,0.06,50,60
2.412,forward_1,300,32.87,1868.25,1886.87,7.69,10.62,10.62,0.0,0.15,50,60
2.433,forward_1,300,34.61,1868.25,1886.87,7.69,11.38,11.38,0.0,0.12,50,60
2.455,forward_1,300,36.33,1868.25,1886.87,7.69,11.96,11.96,0.0,0.0,50,60
2.476,forward_1,300,38.05,1868.25,1886.87,7.69,12.42,12.42,0.0,-0.07,50,60
2.498,forward_1,300,39.76,1868.25,1886.87,7.69,12.77,12.77,0.0,-0.04,50,60
2.519,forward_1,300,41.47,1847.5,1876.24,18.33,15.29,15.29,0.0,0.01,50,60
2.541,forward_1,300,43.18,1847.5,1876.24,18.33,17.29,17.29,0.0,-0.01,50,60
2.562,forward_1,300,44.9,1847.5,1876.24,18.33,18.86,18.86,0.0,0.09,50,60
2.584,forward_1,300,46.62,1847.5,1876.24,18.33,20.1,20.1,0.0,0.05,50,60
2.605,forward_1,300,48.34,1847.5,1876.24,18.33,21.07,21.07,0.0,0.15,50,60
2.627,forward_1,300,50.06,1847.5,1876.24,18.33,21.84,21.84,0.0,0.26,50,60
2.648,forward_1,300,51.78,1822.25,1861.65,32.91,25.56,25.56,0.0,0.15,50,60
2.669,forward_1,300,53.49,1822.25,1861.65,32.91,28.47,28.47,0.0,0.25,50,60
2.691,forward_1,300,55.22,1822.25,1861.65,32.91,30.78,30.78,0.0,0.32,50,60
2.713,forward_1,300,56.95,1822.25,1861.65,32.91,32.6,32.6,0.0,0.14,50,60
2.734,forward_1,300,58.69,1822.25,1861.65,32.91,34.03,34.03,0.0,0.32,50,60
2.756,forward_1,300,60.41,1822.25,1861.65,32.91,35.15,35.15,0.0,0.32,50,60
2.778,forward_1,300,62.15,1793.25,1843.17,51.39,39.99,39.99,0.0,0.22,50,60
2.799,forward_1,300,63.87,1793.25,1843.17,51.39,43.8,43.8,0.0,0.46,50,60
2.821,forward_1,300,65.61,1793.25,1843.17,51.39,46.8,46.8,0.0,0.48,50,60
2.843,forward_1,300,67.36,1793.25,1843.17,51.39,49.15,49.15,0.0,0.46,50,60
2.865,forward_1,300,69.1,1793.25,1843.17,51.39,51.0,51.0,0.0,0.59,50,60
2.886,forward_1,300,70.83,1793.25,1843.17,51.39,52.44,52.44,0.0,0.45,50,60
2.908,forward_1,300,72.58,1793.25,1843.17,51.39,53.59,53.59,0.0,0.58,50,60
2.93,forward_1,300,74.34,1750.5,1818.14,76.43,59.89,59.89,0.0,0.61,50,60
2.952,forward_1,300,76.08,1750.5,1818.14,76.43,64.83,64.83,0.0,0.46,50,60
2.974,forward_1,300,77.83,1750.5,1818.14,76.43,68.7,68.7,0.0,0.66,50,60
2.995,forward_1,300,79.55,1750.5,1818.14,76.43,71.72,71.72,0.0,0.84,50,60
3.017,forward_1,300,81.29,1750.5,1818.14,76.43,74.1,74.1,0.0,0.98,50,60
3.038,forward_1,300,83.01,1750.5,1818.14,76.43,75.95,75.95,0.0,1.19,50,60
3.06,forward_1,300,84.77,1713.5,1789.87,104.7,83.53,83.53,0.0,1.32,50,60
3.082,forward_1,300,86.51,1713.5,1789.87,104.7,89.46,89.46,0.0,1.61,50,60
3.104,forward_1,300,88.22,1713.5,1789.87,104.7,94.09,94.09,0.0,1.76,50,60
3.125,forward_1,300,89.94,1713.5,1789.87,104.7,97.73,97.73,0.0,1.97,50,60
3.146,forward_1,300,91.65,1713.5,1789.87,104.7,100.57,100.57,0.0,2.06,50,60
3.168,forward_1,300,93.37,1713.5,1789.87,104.7,102.8,102.8,0.0,2.04,50,60
3.189,forward_1,300,95.08,1682.75,1760.93,133.63,110.78,110.78,0.0,2.13,50,60
3.211,forward_1,300,96.82,1682.75,1760.93,133.63,117.08,117.08,0.0,2.13,50,60
3.233,forward_1,300,98.58,1682.75,1760.93,133.63,122.02,122.02,0.0,2.15,50,60
3.255,forward_1,300,100.32,1682.75,1760.93,133.63,125.9,125.9,0.0,2.01,50,60
3.276,forward_1,300,102.02,1682.75,1760.93,133.63,128.9,128.9,0.0,1.84,50,60
3.298,forward_1,300,103.74,1682.75,1760.93,133.63,131.27,131.27,0.0,1.77,50,60
3.319,forward_1,300,105.45,1649.75,1730.89,163.67,139.59,139.59,0.0,1.6,50,60
3.34,forward_1,300,107.17,1649.75,1730.89,163.67,146.13,146.13,0.0,1.45,50,60
3.362,forward_1,300,108.89,1649.75,1730.89,163.67,151.26,151.26,0.0,1.4,50,60
3.384,forward_1,300,110.62,1649.75,1730.89,163.67,155.29,155.29,0.0,1.3,50,60
3.405,forward_1,300,112.34,1649.75,1730.89,163.67,158.45,158.45,0.0,1.34,50,60
3.426,forward_1,300,114.05,1649.75,1730.89,163.67,160.91,160.91,0.0,1.21,50,60
3.448,forward_1,300,115.76,1649.75,1730.89,163.67,162.85,162.85,0.0,1.25,50,60
3.469,forward_1,300,117.48,1620.25,1701.0,193.56,170.82,170.82,0.0,1.17,50,60
3.491,forward_1,300,119.2,1620.25,1701.0,193.56,177.07,177.07,0.0,1.07,50,60
3.512,forward_1,300,120.92,1620.25,1701.0,193.56,181.98,181.98,0.0,1.15,50,60
3.534,forward_1,300,122.64,1620.25,1701.0,193.56,185.82,185.82,0.0,0.93,50,60
3.556,forward_1,300,124.4,1620.25,1701.0,193.56,188.87,188.87,0.0,0.85,50,60
3.577,forward_1,300,126.13,1620.25,1701.0,193.56,191.24,191.24,0.0,0.94,50,60
3.599,forward_1,300,127.86,1578.75,1667.98,226.59,200.23,200.23,0.0,0.67,50,60
3.621,forward_1,300,129.59,1578.75,1667.98,226.59,207.28,207.28,0.0,0.86,50,60
3.642,forward_1,300,131.32,1578.75,1667.98,226.59,212.8,212.8,0.0,0.82,50,60
3.664,forward_1,300,133.05,1578.75,1667.98,226.59,217.14,217.14,0.0,0.68,50,60
3.686,forward_1,300,134.79,1578.75,1667.98,226.59,220.54,220.54,0.0,0.86,50,60
3.707,forward_1,300,136.53,1578.75,1667.98,226.59,223.21,223.21,0.0,0.66,50,60
3.729,forward_1,300,138.25,1544.25,1634.55,260.01,232.51,232.51,0.0,0.62,50,60
3.751,forward_1,300,139.98,1544.25,1634.55,260.01,239.81,239.81,0.0,0.62,50,60
3.772,forward_1,300,141.73,1544.25,1634.55,260.01,245.54,245.54,0.0,0.45,50,60
3.794,forward_1,300,143.45,1544.25,1634.55,260.01,250.01,250.01,0.0,0.35,50,60
3.815,forward_1,300,145.17,1544.25,1634.55,260.01,253.53,253.53,0.0,0.66,50,60
3.837,forward_1,300,146.89,1544.25,1634.55,260.01,256.27,256.27,0.0,0.81,50,60
3.859,forward_1,300,148.63,1510.5,1601.04,293.53,265.68,265.68,0.0,0.67,50,60
3.88,forward_1,300,150.35,1510.5,1601.04,293.53,273.05,273.05,0.0,0.91,50,60
3.902,forward_1,300,152.07,1510.5,1601.04,293.53,278.81,278.81,0.0,1.01,50,60
3.923,forward_1,300,153.79,1510.5,1601.04,293.53,283.33,283.33,0.0,1.02,50,60
3.944,forward_1,300,155.49,1510.5,1601.04,293.53,286.87,286.87,0.0,1.24,50,60
3.966,forward_1,300,157.21,1510.5,1601.04,293.53,289.65,289.65,0.0,1.12,50,60
3.987,forward_1,300,158.92,1510.5,1601.04,293.53,291.83,291.83,0.0,1.01,50,60
4.009,forward_1,300,160.64,1473.25,1566.51,328.05,300.99,300.99,0.0,0.92,50,60
5.011,turn_right,0,300.0,1424.0,1438.5,456.06,0,0,-90.0,-0.0,60,60
5.032,turn_right,0,300.0,1424.0,1438.5,456.06,0,0,-90.0,-0.0,60,60
5.054,turn_right,0,300.0,1424.0,1438.5,456.06,0,0,-90.0,-0.13,60,60
5.075,turn_right,0,300.0,1423.25,1434.38,460.18,0,0,-90.0,-1.25,60,60
5.097,turn_right,0,300.0,1423.25,1434.38,460.18,0,0,-90.0,-2.48,60,60
5.118,turn_right,0,300.0,1423.25,1434.38,460.18,0,0,-90.0,-3.58,60,60
5.14,turn_right,0,300.0,1423.25,1434.38,460.18,0,0,-90.0,-5.1,60,60
5.161,turn_right,0,300.0,1423.25,1434.38,460.18,0,0,-90.0,-6.84,60,60
5.183,turn_right,0,300.0,1423.25,1434.38,460.18,0,0,-90.0,-8.48,60,60
5.204,turn_right,0,300.0,1421.0,1430.77,463.8,0,0,-90.0,-10.14,60,60
5.225,turn_right,0,300.0,1421.0,1430.77,463.8,0,0,-90.0,-12.19,60,60
5.247,turn_right,0,300.0,1421.0,1430.77,463.8,0,0,-90.0,-14.32,60,60
5.268,turn_right,0,300.0,1421.0,1430.77,463.8,0,0,-90.0,-16.17,60,60
5.29,turn_right,0,300.0,1421.0,1430.77,463.8,0,0,-90.0,-18.15,60,60
5.311,turn_right,0,300.0,1421.0,1430.77,463.8,0,0,-90.0,-20.54,60,60
5.333,turn_right,0,300.0,1421.0,1430.77,463.8,0,0,-90.0,-22.98,60,60
5.354,turn_right,0,300.0,1453.5,1436.91,457.66,0,0,-90.0,-25.04,60,60
5.375,turn_right,0,300.0,1453.5,1436.91,457.66,0,0,-90.0,-27.45,60,60
5.397,turn_right,0,300.0,1453.5,1436.91,457.66,0,0,-90.0,-29.98,60,60
5.418,turn_right,0,300.0,1453.5,1436.91,457.66,0,0,-90.0,-32.48,60,60
5.44,turn_right,0,300.0,1453.5,1436.91,457.66,0,0,-90.0,-35.15,60,60
5.461,turn_right,0,300.0,1453.5,1436.91,457.66,0,0,-90.0,-37.67,60,60
5.483,turn_right,0,300.0,1458.0,1442.61,451.96,0,0,-90.0,-40.58,60,60
5.504,turn_right,0,300.0,1458.0,1442.61,451.96,0,0,-90.0,-43.34,60,60
5.526,turn_right,0,300.0,1458.0,1442.61,451.96,0,0,-90.0,-46.07,60,60
5.547,turn_right,0,300.0,1458.0,1442.61,451.96,0,0,-90.0,-48.9,60,60
5.569,turn_right,0,300.0,1458.0,1442.61,451.96,0,0,-90.0,-51.7,60,60
5.59,turn_right,0,300.0,1458.0,1442.61,451.96,0,0,-90.0,-54.58,60,60
5.612,turn_right,0,300.0,1458.0,1442.61,451.96,0,0,-90.0,-57.26,60,60
5.633,turn_right,0,300.0,1246.5,1389.63,504.94,0,0,-90.0,-59.97,60,60
5.654,turn_right,0,300.0,1246.5,1389.63,504.94,0,0,-90.0,-62.64,60,60
5.676,turn_right,0,300.0,1246.5,1389.63,504.94,0,0,-90.0,-65.31,60,60
5.698,turn_right,0,300.0,1246.5,1389.63,504.94,0,0,-90.0,-67.97,60,60
5.719,turn_right,0,300.0,1246.5,1389.63,504.94,0,0,-90.0,-70.64,60,60
5.74,turn_right,0,300.0,1246.5,1389.63,504.94,0,0,-90.0,-73.29,60,60
5.762,turn_right,0,300.0,1029.75,1292.4,602.16,0,0,-90.0,-75.91,60,60
5.783,turn_right,0,300.0,1029.75,1292.4,602.16,0,0,-90.0,-78.71,60,60
5.805,turn_right,0,300.0,1029.75,1292.4,602.16,0,0,-90.0,-81.43,60,60
5.826,turn_right,0,300.0,1029.75,1292.4,602.16,0,0,-90.0,-83.85,60,60
5.847,turn_right,0,300.0,1029.75,1292.4,602.16,0,0,-90.0,-86.45,60,60
8.85,forward_2,200,300.01,927.25,926.82,0.0,0.0,0.01,-90.0,-90.0,50,64
8.872,forward_2,200,301.76,927.25,926.82,0.0,0.95,1.76,-90.0,-90.0,50,64
8.893,forward_2,200,303.47,927.25,926.82,0.0,1.77,3.47,-90.0,-89.65,50,64
8.915,forward_2,200,305.19,927.25,926.82,0.0,2.53,5.19,-90.0,-89.44,50,64
8.936,forward_2,200,306.92,927.25,926.82,0.0,3.23,3.23,-90.0,-89.34,50,64
8.958,forward_2,200,308.63,927.25,926.82,0.0,3.83,3.83,-90.0,-89.28,50,64
8.979,forward_2,200,310.35,927.25,926.93,-0.12,4.34,4.34,-90.0,-89.31,50,64
9.001,forward_2,200,312.08,927.25,926.93,-0.12,4.78,4.78,-90.0,-89.35,50,64
9.022,forward_2,200,313.79,927.25,926.93,-0.12,5.14,5.14,-90.0,-89.45,50,64
9.044,forward_2,200,315.51,927.25,926.93,-0.12,5.44,5.44,-90.0,-89.48,50,64
9.065,forward_2,200,317.23,927.25,926.93,-0.12,5.68,5.68,-90.0,-89.34,50,64
9.087,forward_2,200,318.97,927.25,926.93,-0.12,5.89,5.89,-90.0,-89.35,50,64
9.108,forward_2,200,320.68,927.25,926.93,-0.12,6.03,6.03,-90.0,-89.32,50,64
9.13,forward_2,200,322.41,915.25,923.78,3.04,6.8,6.8,-90.0,-89.4,50,64
9.152,forward_2,200,324.14,915.25,923.78,3.04,7.4,7.4,-90.0,-89.42,50,64
9.173,forward_2,200,325.88,915.25,923.78,3.04,7.88,7.88,-90.0,-89.41,50,64
9.195,forward_2,200,327.6,915.25,923.78,3.04,8.24,8.24,-90.0,-89.22,50,64
9.216,forward_2,200,329.32,915.25,923.78,3.04,8.52,8.52,-90.0,-89.31,50,64
9.238,forward_2,200,331.04,915.25,923.78,3.04,8.74,8.74,-90.0,-89.29,50,64
9.259,forward_2,200,332.74,898.0,916.81,10.0,10.35,10.35,-90.0,-89.28,50,64
9.281,forward_2,200,334.48,898.0,916.81,10.0,11.65,11.65,-90.0,-89.24,50,64
9.302,forward_2,200,336.21,898.0,916.81,10.0,12.67,12.67,-90.0,-89.23,50,64
9.324,forward_2,200,337.92,898.0,916.81,10.0,13.46,13.46,-90.0,-89.32,50,64
9.345,forward_2,200,339.65,898.0,916.81,10.0,14.09,14.09,-90.0,-89.32,50,64
9.367,forward_2,200,341.36,898.0,916.81,10.0,14.57,14.57,-90.0,-89.35,50,64
9.389,forward_2,200,343.1,870.5,904.3,22.52,17.63,17.63,-90.0,-89.38,50,64
9.41,forward_2,200,344.82,870.5,904.3,22.52,20.02,20.02,-90.0,-89.48,50,64
9.432,forward_2,200,346.54,870.5,904.3,22.52,21.91,21.91,-90.0,-89.53,50,64
9.453,forward_2,200,348.27,870.5,904.3,22.52,23.4,23.4,-90.0,-89.61,50,64
9.475,forward_2,200,350.0,870.5,904.3,22.52,24.57,24.57,-90.0,-89.75,50,64
9.496,forward_2,200,351.72,870.5,904.3,22.52,25.49,25.49,-90.0,-89.83,50,64
9.518,forward_2,200,353.44,870.5,904.3,22.52,26.2,26.2,-90.0,-89.85,50,64
9.54,forward_2,200,355.19,840.75,887.13,39.68,30.47,30.47,-90.0,-90.11,50,64
9.561,forward_2,200,356.92,840.75,887.13,39.68,33.8,33.8,-90.0,-90.19,50,64
9.583,forward_2,200,358.64,840.75,887.13,39.68,36.41,36.41,-90.0,-90.34,50,64
9.604,forward_2,200,360.37,840.75,887.13,39.68,38.47,38.47,-90.0,-90.28,50,64
9.626,forward_2,200,362.09,840.75,887.13,39.68,40.08,40.08,-90.0,-90.28,50,64
9.647,forward_2,200,363.8,840.75,887.13,39.68,41.34,41.34,-90.0,-90.49,50,64
9.669,forward_2,200,365.51,806.25,865.28,61.53,47.01,47.01,-90.0,-90.53,50,64
9.69,forward_2,200,367.23,806.25,865.28,61.53,51.48,51.48,-90.0,-90.45,50,64
9.712,forward_2,200,368.97,806.25,865.28,61.53,55.0,55.0,-90.0,-90.58,50,64
9.733,forward_2,200,370.69,806.25,865.28,61.53,57.76,57.76,-90.0,-90.56,50,64
9.755,forward_2,200,372.42,806.25,865.28,61.53,59.93,59.93,-90.0,-90.64,50,64
9.777,forward_2,200,374.14,806.25,865.28,61.53,61.63,61.63,-90.0,-90.76,50,64
9.798,forward_2,200,375.87,774.25,840.69,86.13,68.25,68.25,-90.0,-90.87,50,64
9.82,forward_2,200,377.61,774.25,840.69,86.13,73.47,73.47,-90.0,-91.06,50,64
9.841,forward_2,200,379.31,774.25,840.69,86.13,77.53,77.53,-90.0,-90.95,50,64
9.863,forward_2,200,381.03,774.25,840.69,86.13,80.72,80.72,-90.0,-91.13,50,64
9.884,forward_2,200,382.75,774.25,840.69,86.13,83.24,83.24,-90.0,-91.11,50,64
9.906,forward_2,200,384.48,774.25,840.69,86.13,85.22,85.22,-90.0,-90.97,50,64
9.927,forward_2,200,386.21,739.25,813.28,113.53,92.68,92.68,-90.0,-91.01,50,64
9.949,forward_2,200,387.93,739.25,813.28,113.53,98.52,98.52,-90.0,-90.94,50,64
9.971,forward_2,200,389.66,739.25,813.28,113.53,103.11,103.11,-90.0,-90.94,50,64
9.992,forward_2,200,391.38,739.25,813.28,113.53,106.7,106.7,-90.0,-90.89,50,64
10.014,forward_2,200,393.1,739.25,813.28,113.53,109.53,109.53,-90.0,-90.75,50,64
10.035,forward_2,200,394.82,739.25,813.28,113.53,111.74,111.74,-90.0,-90.62,50,64
10.056,forward_2,200,396.54,704.5,783.9,142.92,119.8,119.8,-90.0,-90.52,50,64
10.078,forward_2,200,398.27,704.5,783.9,142.92,126.15,126.15,-90.0,-90.5,50,64
10.1,forward_2,200,399.99,704.5,783.9,142.92,131.12,131.12,-90.0,-90.33,50,64
10.121,forward_2,200,401.72,704.5,783.9,142.92,135.02,135.02,-90.0,-90.26,50,64
10.143,forward_2,200,403.45,704.5,783.9,142.92,138.08,138.08,-90.0,-90.21,50,64
10.165,forward_2,200,405.19,704.5,783.9,142.92,140.49,140.49,-90.0,-90.09,50,64
10.186,forward_2,200,406.93,704.5,783.9,142.92,142.38,142.38,-90.0,-90.01,50,64
10.208,forward_2,200,408.67,667.5,752.45,174.37,150.65,150.65,-90.0,-89.93,50,64
10.23,forward_2,200,410.4,667.5,752.45,174.37,157.13,157.13,-90.0,-89.88,50,64
10.252,forward_2,200,412.14,667.5,752.45,174.37,162.22,162.22,-90.0,-89.72,50,64
10.273,forward_2,200,413.85,667.5,752.45,174.37,166.18,166.18,-90.0,-89.71,50,64
10.294,forward_2,200,415.56,667.5,752.45,174.37,169.29,169.29,-90.0,-89.72,50,64
10.316,forward_2,200,417.28,667.5,752.45,174.37,171.73,171.73,-90.0,-89.59,50,64
10.337,forward_2,200,419.0,629.75,719.3,207.51,180.8,180.8,-90.0,-89.58,50,64
10.359,forward_2,200,420.71,629.75,719.3,207.51,187.9,187.9,-90.0,-89.71,50,64
10.38,forward_2,200,422.42,629.75,719.3,207.51,193.47,193.47,-90.0,-89.56,50,64
10.402,forward_2,200,424.15,629.75,719.3,207.51,197.85,197.85,-90.0,-89.51,50,64
10.423,forward_2,200,425.87,629.75,719.3,207.51,201.28,201.28,-90.0,-89.57,50,64
